# CSV Format: burstSizeBytes, timeToNextFrameSeconds
234375,0.015997
23438,0.015853
23438,0.016536
70313,0.016417
23438,0.016232
23438,0.017015
70313,0.017204
23438,0.017363
23438,0.016459
70313,0.016482
23438,0.016238
23438,0.016473
70313,0.016906
23438,0.017350
23438,0.015860
70313,0.017419
23438,0.017250
23438,0.016228
70313,0.016923
23438,0.017097
23438,0.016038
70313,0.017055
23438,0.016839
23438,0.016275
70313,0.017330
23438,0.016973
23438,0.016039
70313,0.017039
23438,0.016119
23438,0.017093
234375,0.017494
23438,0.017084
23438,0.016659
70313,0.015997
23438,0.016480
23438,0.016959
70313,0.016106
23438,0.017430
23438,0.016256
70313,0.015848
23438,0.016952
23438,0.016145
70313,0.017086
23438,0.015993
23438,0.016155
70313,0.016211
23438,0.017350
23438,0.017001
70313,0.017481
23438,0.016221
23438,0.015916
70313,0.017212
23438,0.017376
23438,0.016073
70313,0.017162
23438,0.017324
23438,0.016532
70313,0.016472
23438,0.016407
23438,0.016847
234375,0.016723
23438,0.015995
23438,0.016943
70313,0.016979
23438,0.016096
23438,0.017259
70313,0.016073
23438,0.016053
23438,0.016013
70313,0.015988
23438,0.017102
23438,0.017208
70313,0.016318
23438,0.017382
23438,0.017191
70313,0.016568
23438,0.017436
23438,0.016186
70313,0.016057
23438,0.016538
23438,0.016226
70313,0.016108
23438,0.016816
23438,0.016558
70313,0.016668
23438,0.016307
23438,0.017206
70313,0.017189
23438,0.016651
23438,0.016153
234375,0.017151
23438,0.015893
23438,0.016125
70313,0.017271
23438,0.017476
23438,0.017369
70313,0.016499
23438,0.016308
23438,0.016914
70313,0.015998
23438,0.016003
23438,0.016431
70313,0.016035
23438,0.015977
23438,0.016494
70313,0.016139
23438,0.016349
23438,0.017261
70313,0.016502
23438,0.016755
23438,0.016482
70313,0.017158
23438,0.016503
23438,0.016013
70313,0.016135
23438,0.016862
23438,0.016559
70313,0.016042
23438,0.016713
23438,0.016587
234375,0.017263
23438,0.016067
23438,0.015996
70313,0.017057
23438,0.017382
23438,0.016295
70313,0.017054
23438,0.017140
23438,0.016227
70313,0.016449
23438,0.016641
23438,0.017417
70313,0.015933
23438,0.017160
23438,0.016349
70313,0.017055
23438,0.015909
23438,0.015880
70313,0.017383
23438,0.016414
23438,0.016341
70313,0.017304
23438,0.017063
23438,0.017454
70313,0.016040
23438,0.016895
23438,0.016539
70313,0.017396
23438,0.015854
23438,0.017367
234375,0.016183
23438,0.017292
23438,0.016183
70313,0.016783
23438,0.017106
23438,0.015991
70313,0.017312
23438,0.017005
23438,0.016901
70313,0.016431
23438,0.016463
23438,0.016608
70313,0.016161
23438,0.017316
23438,0.016716
70313,0.016868
23438,0.017349
23438,0.017133
70313,0.016218
23438,0.015946
23438,0.016828
70313,0.016031
23438,0.015850
23438,0.015941
70313,0.017357
23438,0.016487
23438,0.016467
70313,0.015941
23438,0.016314
23438,0.016286
234375,0.016869
23438,0.016297
23438,0.016413
70313,0.017452
23438,0.016821
23438,0.016952
70313,0.016299
23438,0.015936
23438,0.017332
70313,0.016261
23438,0.016940
23438,0.016112
70313,0.016551
23438,0.016632
23438,0.015998
70313,0.017232
23438,0.016043
23438,0.016979
70313,0.016956
23438,0.015868
23438,0.017337
70313,0.015955
23438,0.017156
23438,0.017178
70313,0.016699
23438,0.015874
23438,0.017233
70313,0.017241
23438,0.016876
23438,0.016270
234375,0.017421
23438,0.016933
23438,0.016378
70313,0.016774
23438,0.017303
23438,0.017142
70313,0.016750
23438,0.017095
23438,0.016411
70313,0.017088
23438,0.016248
23438,0.015910
70313,0.017341
23438,0.016567
23438,0.016209
70313,0.016524
23438,0.016470
23438,0.016293
70313,0.015895
23438,0.016292
23438,0.016170
70313,0.017393
23438,0.016956
23438,0.016598
70313,0.017191
23438,0.016839
23438,0.017473
70313,0.016884
23438,0.016696
23438,0.017348
234375,0.015861
23438,0.017236
23438,0.017452
70313,0.016869
23438,0.017073
23438,0.017067
70313,0.016535
23438,0.016864
23438,0.016567
70313,0.016849
23438,0.017028
23438,0.016926
70313,0.016284
23438,0.017042
23438,0.016665
70313,0.015970
23438,0.016565
23438,0.016027
70313,0.016010
23438,0.017022
23438,0.017437
70313,0.016032
23438,0.015898
23438,0.015910
70313,0.017314
23438,0.016440
23438,0.016692
70313,0.016028
23438,0.017482
23438,0.016994
234375,0.016648
23438,0.016959
23438,0.016711
70313,0.016865
23438,0.017098
23438,0.016193
70313,0.017270
23438,0.017499
23438,0.016391
70313,0.016370
23438,0.016803
23438,0.016947
70313,0.015895
23438,0.017133
23438,0.016149
70313,0.016288
23438,0.017307
23438,0.016051
70313,0.016547
23438,0.016610
23438,0.016313
70313,0.017002
23438,0.016971
23438,0.016272
70313,0.017310
23438,0.016651
23438,0.016841
70313,0.016391
23438,0.016587
23438,0.016031
234375,0.015926
23438,0.016475
23438,0.016161
70313,0.017368
23438,0.017426
23438,0.016505
70313,0.016458
23438,0.017055
23438,0.016999
70313,0.017426
23438,0.015834
23438,0.016015
70313,0.016388
23438,0.016425
23438,0.016599
70313,0.017099
23438,0.017195
23438,0.017012
70313,0.017305
23438,0.016669
23438,0.016246
70313,0.016042
23438,0.016203
23438,0.016554
70313,0.016958
23438,0.015915
23438,0.017498
70313,0.017320
23438,0.017439
23438,0.015918
234375,0.017168
23438,0.016498
23438,0.016426
70313,0.016773
23438,0.016376
23438,0.016012
70313,0.017089
23438,0.015915
23438,0.017202
70313,0.016011
23438,0.016176
23438,0.016362
70313,0.017395
23438,0.017211
23438,0.016645
70313,0.016060
23438,0.016960
23438,0.016821
70313,0.016070
23438,0.016726
23438,0.016034
70313,0.016998
23438,0.016292
23438,0.015893
70313,0.016926
23438,0.016007
23438,0.016320
70313,0.016520
23438,0.017150
23438,0.017392
234375,0.016570
23438,0.016387
23438,0.016225
70313,0.016553
23438,0.016887
23438,0.017044
70313,0.016255
23438,0.017087
23438,0.017210
70313,0.016329
23438,0.017123
23438,0.016983
70313,0.016372
23438,0.016474
23438,0.017197
70313,0.017095
23438,0.016712
23438,0.016895
70313,0.015935
23438,0.017116
23438,0.017348
70313,0.016673
23438,0.016083
23438,0.017065
70313,0.017009
23438,0.017160
23438,0.016062
70313,0.016288
23438,0.016484
23438,0.016015
234375,0.016296
23438,0.016821
23438,0.016150
70313,0.015923
23438,0.017112
23438,0.016106
70313,0.015991
23438,0.017056
23438,0.017192
70313,0.016368
23438,0.016515
23438,0.016471
70313,0.017442
23438,0.016411
23438,0.017231
70313,0.016892
23438,0.017437
23438,0.016167
70313,0.017422
23438,0.016625
23438,0.015969
70313,0.016054
23438,0.017137
23438,0.016052
70313,0.016256
23438,0.016390
23438,0.016740
70313,0.017169
23438,0.016802
23438,0.016998
234375,0.016540
23438,0.016340
23438,0.015874
70313,0.015902
23438,0.017478
23438,0.016754
70313,0.016550
23438,0.016305
23438,0.017007
70313,0.016664
23438,0.017296
23438,0.016430
70313,0.015871
23438,0.017247
23438,0.016004
70313,0.016643
23438,0.016130
23438,0.016523
70313,0.017300
23438,0.016364
23438,0.016680
70313,0.016995
23438,0.015914
23438,0.016897
70313,0.016683
23438,0.017219
23438,0.017335
70313,0.016447
23438,0.016838
23438,0.016509
234375,0.016291
23438,0.017430
23438,0.017174
70313,0.016369
23438,0.015882
23438,0.017128
70313,0.017422
23438,0.017029
23438,0.016420
70313,0.016113
23438,0.016374
23438,0.016636
70313,0.016899
23438,0.016680
23438,0.016677
70313,0.016033
23438,0.016448
23438,0.017125
70313,0.017328
23438,0.016953
23438,0.016076
70313,0.016819
23438,0.016291
23438,0.015981
70313,0.015930
23438,0.016081
23438,0.016888
70313,0.017337
23438,0.016597
23438,0.017081
234375,0.015860
23438,0.017248
23438,0.016136
70313,0.016857
23438,0.016991
23438,0.016150
70313,0.016126
23438,0.016791
23438,0.017485
70313,0.016059
23438,0.017445
23438,0.016481
70313,0.016503
23438,0.016818
23438,0.017261
70313,0.016369
23438,0.015885
23438,0.017254
70313,0.016317
23438,0.016077
23438,0.016904
70313,0.016717
23438,0.017314
23438,0.016376
70313,0.016270
23438,0.017273
23438,0.016294
70313,0.016029
23438,0.017328
23438,0.017253
234375,0.017474
23438,0.017304
23438,0.016614
70313,0.016404
23438,0.016320
23438,0.016512
70313,0.015900
23438,0.017196
23438,0.017006
70313,0.017430
23438,0.017495
23438,0.016320
70313,0.016717
23438,0.016591
23438,0.016353
70313,0.016556
23438,0.016261
23438,0.017061
70313,0.017006
23438,0.015886
23438,0.017377
70313,0.016774
23438,0.017144
23438,0.015998
70313,0.017328
23438,0.016457
23438,0.016533
70313,0.016039
23438,0.016280
23438,0.016485
234375,0.015976
23438,0.017029
23438,0.016368
70313,0.017217
23438,0.015845
23438,0.016526
70313,0.016116
23438,0.016212
23438,0.017377
70313,0.017119
23438,0.017308
23438,0.017123
70313,0.017342
23438,0.016789
23438,0.017222
70313,0.016916
23438,0.016403
23438,0.016005
70313,0.017398
23438,0.017144
23438,0.016686
70313,0.015841
23438,0.016102
23438,0.015970
70313,0.015841
23438,0.015964
23438,0.016854
70313,0.015957
23438,0.016096
23438,0.016027
234375,0.017007
23438,0.017267
23438,0.017218
70313,0.016999
23438,0.017398
23438,0.017203
70313,0.017193
23438,0.016682
23438,0.016970
70313,0.017489
23438,0.016169
23438,0.017460
70313,0.017405
23438,0.017029
23438,0.016249
70313,0.016923
23438,0.016769
23438,0.016102
70313,0.017454
23438,0.017205
23438,0.015952
70313,0.016801
23438,0.016226
23438,0.016839
70313,0.016566
23438,0.017402
23438,0.015921
70313,0.016747
23438,0.017207
23438,0.017368
