600000,0.033342
60000,0.033309
60000,0.034792
180000,0.031967
60000,0.032159
60000,0.034629
180000,0.032837
60000,0.032547
60000,0.034689
180000,0.031743
60000,0.034175
60000,0.031878
180000,0.032525
60000,0.032118
60000,0.031890
180000,0.034220
60000,0.031673
60000,0.033286
180000,0.033750
60000,0.032516
60000,0.032069
180000,0.032425
60000,0.034338
60000,0.034655
180000,0.034767
60000,0.034375
60000,0.031779
180000,0.032773
60000,0.033484
60000,0.033998
600000,0.033599
60000,0.032266
60000,0.032124
180000,0.034374
60000,0.034697
60000,0.034120
180000,0.032361
60000,0.033022
60000,0.033063
180000,0.034542
60000,0.033856
60000,0.031851
180000,0.032219
60000,0.032194
60000,0.032595
180000,0.034843
60000,0.034157
60000,0.034935
180000,0.033523
60000,0.033319
60000,0.034773
180000,0.033789
60000,0.033134
60000,0.032147
180000,0.033528
60000,0.034038
60000,0.033457
180000,0.033305
60000,0.034833
60000,0.032438
600000,0.032120
60000,0.033971
60000,0.032589
180000,0.032100
60000,0.032620
60000,0.033862
180000,0.033925
60000,0.033723
60000,0.034679
180000,0.032469
60000,0.032474
60000,0.033004
180000,0.033598
60000,0.032659
60000,0.031948
180000,0.031707
60000,0.031974
60000,0.032930
180000,0.031974
60000,0.034076
60000,0.031999
180000,0.033374
60000,0.032475
60000,0.034097
180000,0.033335
60000,0.032734
60000,0.032086
180000,0.033448
60000,0.034119
60000,0.031837
600000,0.032701
60000,0.033464
60000,0.032242
180000,0.033887
60000,0.033724
60000,0.034475
180000,0.032235
60000,0.031980
60000,0.034117
180000,0.033490
60000,0.031773
60000,0.033996
180000,0.034812
60000,0.033650
60000,0.033603
180000,0.033736
60000,0.032030
60000,0.032030
180000,0.032124
60000,0.033110
60000,0.032003
180000,0.031882
60000,0.033949
60000,0.032699
180000,0.033671
60000,0.033045
60000,0.031945
180000,0.031822
60000,0.034558
60000,0.032369
600000,0.033636
60000,0.032803
60000,0.032725
180000,0.031925
60000,0.032814
60000,0.034535
180000,0.034800
60000,0.033712
60000,0.033365
180000,0.031987
60000,0.034023
60000,0.034492
180000,0.032039
60000,0.033606
60000,0.032115
180000,0.034165
60000,0.032837
60000,0.032225
180000,0.034011
60000,0.032871
60000,0.031714
180000,0.033662
60000,0.032834
60000,0.031730
180000,0.034608
60000,0.034700
60000,0.033495
180000,0.033036
60000,0.033876
60000,0.033021
600000,0.033318
60000,0.034734
60000,0.033287
180000,0.032485
60000,0.033715
60000,0.033549
180000,0.033020
60000,0.032970
60000,0.033786
180000,0.034006
60000,0.032907
60000,0.031761
180000,0.031888
60000,0.033453
60000,0.032553
180000,0.033693
60000,0.032833
60000,0.032772
180000,0.032046
60000,0.034293
60000,0.033323
180000,0.033958
60000,0.034514
60000,0.034513
180000,0.033973
60000,0.032717
60000,0.034429
180000,0.034429
60000,0.033019
60000,0.034640
600000,0.034955
60000,0.033668
60000,0.033564
180000,0.034557
60000,0.032546
60000,0.034015
180000,0.031707
60000,0.032681
60000,0.032382
180000,0.032369
60000,0.031750
60000,0.033061
180000,0.034791
60000,0.033067
60000,0.032162
180000,0.034747
60000,0.032557
60000,0.032023
180000,0.032831
60000,0.033656
60000,0.031768
180000,0.034942
60000,0.032293
60000,0.033642
180000,0.032337
60000,0.032977
60000,0.033991
180000,0.032413
60000,0.034454
60000,0.033539
600000,0.034302
60000,0.034714
60000,0.032937
180000,0.033471
60000,0.033216
60000,0.032900
180000,0.033238
60000,0.033959
60000,0.033374
180000,0.034771
60000,0.032872
60000,0.033256
180000,0.033848
60000,0.032139
60000,0.032558
180000,0.034099
60000,0.032892
60000,0.034173
180000,0.034058
60000,0.032893
60000,0.032403
180000,0.034409
60000,0.034425
60000,0.033762
180000,0.032545
60000,0.032121
60000,0.033664
180000,0.031727
60000,0.034890
60000,0.032501
600000,0.031895
60000,0.033409
60000,0.034503
180000,0.032936
60000,0.032507
60000,0.032163
180000,0.033894
60000,0.031922
60000,0.031817
180000,0.034814
60000,0.032029
60000,0.033299
180000,0.034684
60000,0.032171
60000,0.034957
180000,0.033147
60000,0.031836
60000,0.032591
180000,0.032278
60000,0.033843
60000,0.032168
180000,0.033175
60000,0.033527
60000,0.032178
180000,0.034618
60000,0.032498
60000,0.031676
180000,0.032532
60000,0.032069
60000,0.032204
600000,0.034817
60000,0.032505
60000,0.034746
180000,0.033852
60000,0.033781
60000,0.031989
180000,0.033978
60000,0.033061
60000,0.033832
180000,0.033753
60000,0.032560
60000,0.033539
180000,0.032488
60000,0.032729
60000,0.033251
180000,0.034185
60000,0.034518
60000,0.034165
180000,0.034553
60000,0.034765
60000,0.033668
180000,0.031839
60000,0.034117
60000,0.032478
180000,0.032655
60000,0.031667
60000,0.034207
180000,0.033805
60000,0.032197
60000,0.032921
600000,0.032204
60000,0.033188
60000,0.032375
180000,0.034230
60000,0.033996
60000,0.034419
180000,0.034527
60000,0.034067
60000,0.032686
180000,0.033265
60000,0.032456
60000,0.031936
180000,0.032314
60000,0.032106
60000,0.034408
180000,0.031753
60000,0.034580
60000,0.032130
180000,0.033005
60000,0.033910
60000,0.033810
180000,0.034441
60000,0.034522
60000,0.031723
180000,0.034466
60000,0.034449
60000,0.032819
180000,0.032322
60000,0.032483
60000,0.033783
600000,0.032874
60000,0.033626
60000,0.034335
180000,0.033621
60000,0.032624
60000,0.034432
180000,0.032602
60000,0.031811
60000,0.033704
180000,0.033880
60000,0.033192
60000,0.034287
180000,0.034194
60000,0.034095
60000,0.032183
180000,0.033618
60000,0.032907
60000,0.031853
60000,0.0
